model,rmse,mae,mase,r2,corr,hit,dm_pvalue,pt_pvalue,sharpe,mdd,calmar,turnover,ann_ret,mean_ret,psr,dsr,mae_skill,score
NaiveZero,0.012241071090102196,0.008175808005034924,0.6695526357230062,-0.00041282176971435547,0.0,0.0,0.0,0.0,0.0,0.0,0.0,0.0,0.0,0.0,0.5,0.5,0.0,0.0
TransGRU,0.012319213710725307,0.008275655098259449,0.6777295503957322,-0.01322627067565918,0.0034168405156426987,0.5121845082680592,0.0,0.9945593443893286,1.363273739493488,0.3671391942885255,2.192330047795753,0.0039164490861618795,0.8048902873622572,0.0003366549059940025,0.9171990317390613,0.9171990317390613,0.0,0.45177619353573484
TFTLite,0.01251734234392643,0.008471990935504436,0.6938083498530224,-0.046079397201538086,0.013330227386628032,0.5100087032201914,0.0,0.946038068873243,1.8105518958280233,0.30036869896840923,4.048691848049105,0.010008703220191472,1.2161003029225141,0.00042347705665678946,0.9669232826598668,0.9669232826598668,0.0,0.6
GRU,0.012801487930119038,0.008816011250019073,0.7219816763528231,-0.09411084651947021,0.009328616194469608,0.5113141862489121,0.0,0.7655647605488565,0.4855651726334188,0.493660173918535,0.2521950629712154,0.06657963446475196,0.12449865864776608,0.00011096265323387273,0.6900668083027326,0.6900668083027326,0.0,0.160911766324606
LSTM,0.01306665875017643,0.00910042505711317,0.7452735655530826,-0.13990724086761475,0.010152459476111871,0.5052219321148825,0.0,0.11620729664776652,-0.8882409492616066,0.5286005185716685,-0.8139682599143093,0.13968668407310705,-0.4302640442915825,-0.0002007045339196437,0.1804456284735877,0.1804456284735877,0.0,0.0
